{"banner": {"precision": [0.8717948717948718, 0.8947368421052632, 0.9, 0.8837209302325582, 0.8974358974358975, 0.8809523809523809, 0.9142857142857143, 0.918918918918919, 0.95, 0.9473684210526315], "recall": [0.8095238095238095, 0.918918918918919, 0.8571428571428571, 0.8444444444444444, 0.813953488372093, 0.7872340425531915, 0.7804878048780488, 0.7906976744186046, 0.8837209302325582, 0.8571428571428571], "f1-score": [0.8395061728395062, 0.9066666666666667, 0.8780487804878048, 0.8636363636363636, 0.8536585365853658, 0.8314606741573034, 0.8421052631578947, 0.85, 0.9156626506024096, 0.9], "support": [42, 37, 42, 45, 43, 47, 41, 43, 43, 42]}, "complementary": {"precision": [0.47058823529411764, 0.36363636363636365, 0.1875, 0.15384615384615385, 0.46875, 0.15789473684210525, 0.2857142857142857, 0.7692307692307693, 0.75, 0.42857142857142855], "recall": [0.7272727272727273, 0.6666666666666666, 1.0, 0.2857142857142857, 0.8333333333333334, 1.0, 1.0, 0.43478260869565216, 0.75, 0.75], "f1-score": [0.5714285714285714, 0.4705882352941177, 0.3157894736842105, 0.2, 0.6, 0.2727272727272727, 0.4444444444444445, 0.5555555555555555, 0.75, 0.5454545454545454], "support": [11, 6, 3, 7, 18, 6, 4, 23, 8, 12]}, "contentinfo": {"precision": [0.88, 0.7857142857142857, 0.8333333333333334, 0.8181818181818182, 0.9285714285714286, 0.782608695652174, 0.7727272727272727, 0.8571428571428571, 0.8095238095238095, 0.9166666666666666], "recall": [0.6666666666666666, 0.7586206896551724, 0.7692307692307693, 0.84375, 0.8125, 0.8571428571428571, 0.7727272727272727, 0.8181818181818182, 0.7391304347826086, 0.8461538461538461], "f1-score": [0.7586206896551725, 0.7719298245614034, 0.8, 0.8307692307692308, 0.8666666666666666, 0.8181818181818182, 0.7727272727272727, 0.8372093023255814, 0.7727272727272727, 0.8799999999999999], "support": [33, 29, 26, 32, 32, 21, 22, 22, 23, 26]}, "form": {"precision": [0.5714285714285714, 0.6571428571428571, 0.6666666666666666, 0.5, 0.5, 0.8518518518518519, 0.8928571428571429, 0.7428571428571429, 0.8, 0.5333333333333333], "recall": [0.8, 0.7666666666666667, 1.0, 0.6363636363636364, 0.7777777777777778, 0.9583333333333334, 0.9259259259259259, 0.896551724137931, 0.8, 0.7272727272727273], "f1-score": [0.6666666666666666, 0.7076923076923077, 0.8, 0.56, 0.6086956521739131, 0.9019607843137256, 0.9090909090909091, 0.8125, 0.8000000000000002, 0.6153846153846153], "support": [10, 30, 8, 11, 9, 24, 27, 29, 10, 11]}, "main": {"precision": [0.9545454545454546, 0.9047619047619048, 1.0, 0.7692307692307693, 0.8076923076923077, 0.8076923076923077, 0.6153846153846154, 0.8571428571428571, 0.9473684210526315, 0.9583333333333334], "recall": [0.8076923076923077, 0.7916666666666666, 0.8095238095238095, 0.8695652173913043, 0.84, 0.9545454545454546, 0.8888888888888888, 0.8181818181818182, 0.8571428571428571, 1.0], "f1-score": [0.875, 0.8444444444444444, 0.8947368421052632, 0.8163265306122449, 0.8235294117647058, 0.875, 0.7272727272727274, 0.8372093023255814, 0.9, 0.9787234042553191], "support": [26, 24, 21, 23, 25, 22, 18, 22, 21, 23]}, "navigation": {"precision": [0.53125, 0.6744186046511628, 0.6285714285714286, 0.6774193548387096, 0.78125, 0.6444444444444445, 0.8536585365853658, 0.6904761904761905, 0.7, 0.8076923076923077], "recall": [0.5483870967741935, 0.8055555555555556, 0.6666666666666666, 0.65625, 0.7142857142857143, 0.8787878787878788, 0.8974358974358975, 0.90625, 0.8, 0.8076923076923077], "f1-score": [0.5396825396825397, 0.7341772151898734, 0.6470588235294118, 0.6666666666666667, 0.7462686567164178, 0.7435897435897436, 0.875, 0.7837837837837837, 0.7466666666666666, 0.8076923076923077], "support": [31, 36, 33, 32, 35, 33, 39, 32, 35, 26]}, "region": {"precision": [0.8773006134969326, 0.9714285714285714, 0.9389312977099237, 0.9343434343434344, 0.9192546583850931, 0.9915966386554622, 0.9230769230769231, 0.9108910891089109, 0.8734177215189873, 0.9488372093023256], "recall": [0.9225806451612903, 0.9147982062780269, 0.8848920863309353, 0.9024390243902439, 0.8554913294797688, 0.7108433734939759, 0.7850467289719626, 0.9246231155778895, 0.9078947368421053, 0.9230769230769231], "f1-score": [0.89937106918239, 0.9422632794457274, 0.9111111111111111, 0.9181141439205955, 0.8862275449101796, 0.8280701754385965, 0.8484848484848485, 0.917705735660848, 0.8903225806451613, 0.9357798165137615], "support": [155, 223, 139, 205, 173, 166, 107, 199, 76, 221]}, "search": {"precision": [0.9583333333333334, 0.72, 0.9666666666666667, 0.76, 0.8076923076923077, 0.967741935483871, 0.8928571428571429, 0.8846153846153846, 0.9655172413793104, 0.88], "recall": [0.8214285714285714, 0.6923076923076923, 0.8787878787878788, 0.6785714285714286, 0.9130434782608695, 0.9375, 0.9259259259259259, 0.8518518518518519, 0.9333333333333333, 0.8148148148148148], "f1-score": [0.8846153846153847, 0.7058823529411765, 0.9206349206349207, 0.7169811320754718, 0.8571428571428572, 0.9523809523809523, 0.9090909090909091, 0.8679245283018868, 0.9491525423728815, 0.8461538461538461], "support": [28, 26, 33, 28, 23, 32, 27, 27, 30, 27]}, "macro avg": {"precision": [0.7644051349866602, 0.746479928680051, 0.7652086741185024, 0.6870928075841805, 0.7638308249721293, 0.7605978739468247, 0.7688202041860579, 0.8289094011866289, 0.8494783991843423, 0.8026003374940034], "recall": [0.7629439780649458, 0.7894001328394208, 0.8582805084603646, 0.714637254609418, 0.8200481401886945, 0.8855483674820863, 0.8720548055942403, 0.8051400763806957, 0.8339027865416828, 0.8407691845191845], "f1-score": [0.7543613867587788, 0.7604555407794646, 0.7709224939440903, 0.6965617584600716, 0.7802736657450132, 0.7779214275986766, 0.7910270467836258, 0.8077360259941546, 0.8405664641267989, 0.8136485669317994], "support": [336, 411, 305, 383, 358, 351, 285, 397, 246, 388]}, "weighted avg": {"precision": [0.8352619082185873, 0.8737932074209536, 0.8836616640148739, 0.8478232746912711, 0.8558256032789977, 0.8941311645787541, 0.866602434792422, 0.86576862537907, 0.8667034493413628, 0.9049665483235781], "recall": [0.8214285714285714, 0.8588807785888077, 0.8459016393442623, 0.8328981723237598, 0.8324022346368715, 0.8034188034188035, 0.8350877192982457, 0.8614609571788413, 0.8617886178861789, 0.8891752577319587], "f1-score": [0.824101274383693, 0.8641402168560858, 0.8596499307790766, 0.8391800691579687, 0.8392687165894087, 0.8298239130044545, 0.8435045281998191, 0.8586044630273152, 0.8630839308218818, 0.8947392188357031], "support": [336, 411, 305, 383, 358, 351, 285, 397, 246, 388]}}